Player,Salary,Year
Stephen Curry,"$37,457,154",2018
Russell Westbrook,"$35,665,000",2018
LeBron James,"$35,654,150",2018
Chris Paul,"$35,654,150",2018
Kyle Lowry,"$32,700,000",2018
Blake Griffin,"$31,873,932",2018
Gordon Hayward,"$31,214,295",2018
James Harden,"$30,570,000",2018
Paul George,"$30,560,700",2018
Mike Conley,"$30,521,115",2018
Kevin Durant,"$30,000,000",2018
Paul Millsap,"$29,230,769",2018
Al Horford,"$28,928,710",2018
Damian Lillard,"$27,977,689",2018
DeMar DeRozan,"$27,739,975",2018
Chris Bosh,"$26,837,720",2018
Jrue Holiday,"$26,641,111",2018
Otto Porter,"$26,011,913",2018
CJ McCollum,"$25,759,766",2018
Joel Embiid,"$25,467,250",2018
Andrew Wiggins,"$25,467,250",2018
Nikola Jokic,"$25,467,250",2018
Anthony Davis,"$25,434,263",2018
Bradley Beal,"$25,434,262",2018
Andre Drummond,"$25,434,262",2018
Hassan Whiteside,"$24,434,262",2018
Dwight Howard,"$24,256,725",2018
Steven Adams,"$24,157,304",2018
Giannis Antetokounmpo,"$24,157,304",2018
Marc Gasol,"$24,119,025",2018
Kevin Love,"$24,119,025",2018
Harrison Barnes,"$24,107,258",2018
Chandler Parsons,"$24,107,258",2018
Nicolas Batum,"$24,000,000",2018
Rudy Gobert,"$23,491,573",2018
Kawhi Leonard,"$23,114,066",2018
DeAndre Jordan,"$22,897,200",2018
LaMarcus Aldridge,"$22,347,015",2018
Serge Ibaka,"$21,666,667",2018
Aaron Gordon,"$21,590,909",2018
Danilo Gallinari,"$21,587,579",2018
Victor Oladipo,"$21,000,000",2018
Ryan Anderson,"$20,421,546",2018
Joakim Noah,"$20,261,172",2018
Kyrie Irving,"$20,099,189",2018
Jabari Parker,"$20,000,000",2018
Jimmy Butler,"$19,841,627",2018
Zach LaVine,"$19,500,000",2018
Wesley Matthews,"$19,360,228",2018
Allen Crabbe,"$19,332,500",2018
Enes Kanter,"$19,264,603",2018
Tyler Johnson,"$19,245,370",2018
John Wall,"$19,169,800",2018
Jeff Teague,"$19,000,000",2018
George Hill,"$19,000,000",2018
Klay Thompson,"$18,988,725",2018
Goran Dragic,"$18,109,175",2018
Kent Bazemore,"$18,089,888",2018
Evan Turner,"$17,868,853",2018
Draymond Green,"$17,469,565",2018
Tristan Thompson,"$17,469,565",2018
Tim Hardaway Jr,"$17,325,000",2018
Pau Gasol,"$17,133,285",2018
Reggie Jackson,"$17,043,478",2018
Evan Fournier,"$17,000,000",2018
Bismack Biyombo,"$17,000,000",2018
Derrick Favors,"$16,900,000",2018
Luol Deng,"$16,747,954",2018
Jonas Valanciunas,"$16,539,326",2018
Gary Harris,"$16,517,857",2018
Ian Mahinmi,"$16,000,000",2018
Timofey Mozgov,"$16,000,000",2018
Andre Iguodala,"$16,000,000",2018
Clint Capela,"$15,793,104",2018
Dennis Schroeder,"$15,500,000",2018
DeMarre Carroll,"$15,400,000",2018
Gorgui Dieng,"$15,170,787",2018
Trevor Ariza,"$15,000,000",2018
Eric Bledsoe,"$15,000,000",2018
Ricky Rubio,"$14,800,000",2018
Tobias Harris,"$14,800,000",2018
JR Smith,"$14,720,000",2018
Brandon Knight,"$14,631,250",2018
James Johnson,"$14,420,700",2018
Robin Lopez,"$14,357,750",2018
Kenneth Faried,"$14,242,782",2018
Marvin Williams,"$14,087,500",2018
Taj Gibson,"$14,000,000",2018
Thaddeus Young,"$13,764,045",2018
Tyson Chandler,"$13,585,000",2018
Marcin Gortat,"$13,565,218",2018
Kelly Olynyk,"$13,537,527",2018
Cody Zeller,"$13,528,090",2018
Eric Gordon,"$13,500,375",2018
Austin Rivers,"$13,155,324",2018
Khris Middleton,"$13,000,000",2018
Michael Kidd-Gilchrist,"$13,000,000",2018
Mason Plumlee,"$12,917,808",2018
Wilson Chandler,"$12,800,562",2018
Solomon Hill,"$12,763,467",2018
Nikola Vucevic,"$12,750,000",2018
Dion Waiters,"$12,705,000",2018
Joe Ingles,"$12,545,455",2018
Jeremy Lin,"$12,516,746",2018
Nikola Mirotic,"$12,500,000",2018
Jordan Clarkson,"$12,500,000",2018
Tyreke Evans,"$12,400,000",2018
Miles Plumlee,"$12,400,000",2018
Courtney Lee,"$12,253,780",2018
JJ Redick,"$12,250,000",2018
Avery Bradley,"$12,000,000",2018
Kentavious Caldwell-Pope,"$12,000,000",2018
Kemba Walker,"$12,000,000",2018
Will Barton,"$11,830,358",2018
TJ Warren,"$11,750,000",2018
Zach Randolph,"$11,692,308",2018
Patrick Mills,"$11,571,429",2018
Alec Burks,"$11,536,515",2018
Omer Asik,"$11,286,516",2018
Marcus Smart,"$11,160,716",2018
Jusuf Nurkic,"$11,111,111",2018
Iman Shumpert,"$11,011,234",2018
Moe Harkless,"$10,837,079",2018
Tony Snell,"$10,607,143",2018
Dante Exum,"$10,600,000",2018
Meyers Leonard,"$10,595,506",2018
John Henson,"$10,577,466",2018
Terrence Ross,"$10,500,000",2018
Mirza Teletovic,"$10,500,000",2018
Bojan Bogdanovic,"$10,500,000",2018
Robert Covington,"$10,464,092",2018
Rudy Gay,"$10,087,200",2018
Jon Leuer,"$10,002,681",2018
Danny Green,"$10,000,000",2018
Andre Roberson,"$10,000,000",2018
Darren Collison,"$10,000,000",2018
Dwight Powell,"$9,631,250",2018
Matthew Dellavedova,"$9,607,500",2018
Jared Dudley,"$9,530,000",2018
Boban Marjanovic,"$9,490,740",2018
Norman Powell,"$9,367,200",2018
Josh Richardson,"$9,367,200",2018
Markieff Morris,"$9,173,294",2018
Bogdan Bogdanovic,"$9,000,000",2018
Rajon Rondo,"$9,000,000",2018
E'Twaun Moore,"$8,808,685",2018
Kosta Koufos,"$8,739,500",2018
Fred VanVleet,"$8,653,847",2018
Wayne Ellington,"$8,653,076",2018
Julius Randle,"$8,641,000",2018
Kyle Anderson,"$8,641,000",2018
Jerryd Bayless,"$8,575,916",2018
Cristiano Felicio,"$8,470,980",2018
Markelle Fultz,"$8,339,880",2018
Jerami Grant,"$8,333,333",2018
CJ Miles,"$8,333,333",2018
Joe Harris,"$8,333,333",2018
Shaun Livingston,"$8,307,692",2018
Deandre Ayton,"$8,175,840",2018
JaMychal Green,"$8,066,667",2018
Garrett Temple,"$8,000,000",2018
Louis Williams,"$8,000,000",2018
PJ Tucker,"$7,959,537",2018
Cory Joseph,"$7,945,000",2018
Karl-Anthony Towns,"$7,839,435",2018
Kyle Korver,"$7,560,000",2018
Darrell Arthur,"$7,464,912",2018
Lonzo Ball,"$7,461,960",2018
Doug McDermott,"$7,333,334",2018
Marvin Bagley,"$7,314,960",2018
Jae Crowder,"$7,305,825",2018
DJ Augustin,"$7,250,000",2018
Lance Thomas,"$7,119,650",2018
D'Angelo Russell,"$7,019,698",2018
Davis Bertans,"$7,000,000",2018
Ersan Ilyasova,"$7,000,000",2018
Langston Galloway,"$7,000,000",2018
Jeremy Lamb,"$7,000,000",2018
Al-Farouq Aminu,"$6,957,105",2018
Jayson Tatum,"$6,700,800",2018
Luka Doncic,"$6,569,040",2018
Nemanja Bjelica,"$6,500,000",2018
Mario Hezonja,"$6,500,000",2018
Ben Simmons,"$6,434,520",2018
Milos Teodosic,"$6,300,000",2018
Dewayne Dedmon,"$6,300,000",2018
Marco Belinelli,"$6,153,846",2018
Wesley Johnson,"$6,134,000",2018
Josh Jackson,"$6,041,520",2018
Jonathon Simmons,"$6,000,000",2018
Montrezl Harrell,"$6,000,000",2018
Ishmael Smith,"$6,000,000",2018
Jaren Jackson,"$5,922,720",2018
Brandon Ingram,"$5,757,120",2018
Anthony Tolliver,"$5,750,000",2018
Kristaps Porzingis,"$5,697,054",2018
Deron Williams,"$5,474,787",2018
De'Aaron Fox,"$5,470,920",2018
Ben McLemore,"$5,460,000",2018
Patrick Patterson,"$5,451,600",2018
Jason Smith,"$5,450,000",2018
Marcus Morris,"$5,375,000",2018
Trae Young,"$5,363,280",2018
DeMarcus Cousins,"$5,337,000",2018
Josh Smith,"$5,331,729",2018
Alexis Ajinca,"$5,285,394",2018
Thabo Sefolosha,"$5,250,000",2018
Aron Baynes,"$5,193,600",2018
Jaylen Brown,"$5,169,960",2018
Patrick Beverley,"$5,027,028",2018
Mike Muscala,"$5,000,000",2018
Dirk Nowitzki,"$5,000,000",2018
Tony Parker,"$5,000,000",2018
Jonathan Isaac,"$4,969,080",2018
Mo Bamba,"$4,871,280",2018
Jamal Crawford,"$4,698,113",2018
Ron Baker,"$4,697,823",2018
Willie Cauley-Stein,"$4,696,874",2018
Dragan Bender,"$4,661,280",2018
Lauri Markkanen,"$4,536,120",2018
Justin Holiday,"$4,500,000",2018
Lance Stephenson,"$4,449,000",2018
Kyle O'Quinn,"$4,449,000",2018
Ed Davis,"$4,449,000",2018
Wendell Carter,"$4,446,840",2018
Alex Len,"$4,350,000",2018
Mike Scott,"$4,320,500",2018
Luc Mbah a Moute,"$4,320,500",2018
Emmanuel Mudiay,"$4,294,479",2018
Kris Dunn,"$4,221,000",2018
Frank Ntilikina,"$4,155,720",2018
Glenn Robinson III,"$4,075,000",2018
Collin Sexton,"$4,073,760",2018
Al Jefferson,"$4,000,000",2018
Stanley Johnson,"$3,940,401",2018
Buddy Hield,"$3,833,760",2018
Dennis Smith,"$3,819,960",2018
Jodie Meeks,"$3,774,176",2018
Kevin Knox,"$3,744,840",2018
Jose Juan Barea,"$3,710,850",2018
Alex Abrines,"$3,667,645",2018
NenÃª,"$3,651,480",2018
Zach Collins,"$3,628,920",2018
Frank Kaminsky,"$3,627,842",2018
Mikal Bridges,"$3,557,400",2018
Michael Beasley,"$3,500,000",2018
Jamal Murray,"$3,499,800",2018
Rodney Hood,"$3,472,887",2018
Justise Winslow,"$3,448,926",2018
Malik Monk,"$3,447,480",2018
Cameron Payne,"$3,440,356",2018
Allonzo Trier,"$3,382,000",2018
Brook Lopez,"$3,382,000",2018
Shai Gilgeous-Alexander,"$3,375,360",2018
Trey Lyles,"$3,364,249",2018
Ekpe Udoh,"$3,360,000",2018
Devin Booker,"$3,314,365",2018
Myles Turner,"$3,294,994",2018
Luke Kennard,"$3,275,280",2018
Troy Daniels,"$3,258,539",2018
Kelly Oubre,"$3,208,630",2018
Miles Bridges,"$3,206,640",2018
Marquese Chriss,"$3,206,160",2018
Tomas Satoransky,"$3,129,187",2018
Bryn Forbes,"$3,125,000",2018
Donovan Mitchell,"$3,111,480",2018
Terry Rozier,"$3,050,389",2018
Jerome Robinson,"$3,050,160",2018
Yogi Ferrell,"$3,000,000",2018
Elfrid Payton,"$3,000,000",2018
Bam Adebayo,"$2,955,840",2018
Jakob Poeltl,"$2,947,320",2018
Michael Porter,"$2,894,160",2018
Andrew Nicholson,"$2,844,429",2018
Justin Jackson,"$2,807,880",2018
Thon Maker,"$2,799,720",2018
Seth Curry,"$2,795,000",2018
Cedi Osman,"$2,775,000",2018
Sam Dekker,"$2,760,094",2018
Troy Brown,"$2,752,680",2018
Justin Patton,"$2,667,600",2018
Guerschon Yabusele,"$2,667,600",2018
Domantas Sabonis,"$2,659,800",2018
Jerian Grant,"$2,639,313",2018
Zhaire Smith,"$2,615,160",2018
Corey Brewer,"$2,559,925",2018
Delon Wright,"$2,536,898",2018
DJ Wilson,"$2,534,280",2018
Dario Saric,"$2,526,840",2018
Taurean Prince,"$2,526,840",2018
Justin Anderson,"$2,516,047",2018
Shelvin Mack,"$2,512,601",2018
Manu Ginobili,"$2,500,000",2018
Reggie Bullock,"$2,500,000",2018
Bobby Portis,"$2,494,346",2018
Dante Cunningham,"$2,487,000",2018
Donte DiVincenzo,"$2,484,360",2018
Rondae Hollis-Jefferson,"$2,470,356",2018
Tyus Jones,"$2,444,052",2018
Jarell Martin,"$2,416,221",2018
Greg Monroe,"$2,410,167",2018
TJ Leaf,"$2,407,560",2018
Georgios Papagiannis,"$2,400,480",2018
Jeff Green,"$2,393,887",2018
Amir Johnson,"$2,393,887",2018
Raymond Felton,"$2,393,887",2018
Dwyane Wade,"$2,393,887",2018
Udonis Haslem,"$2,393,887",2018
JaVale McGee,"$2,393,887",2018
Zaza Pachulia,"$2,393,887",2018
Jose Calderon,"$2,393,887",2018
Devin Harris,"$2,393,887",2018
Channing Frye,"$2,393,887",2018
Carmelo Anthony,"$2,393,887",2018
Vince Carter,"$2,393,887",2018
Lonnie Walker,"$2,360,160",2018
John Collins,"$2,299,080",2018
Denzel Valentine,"$2,280,600",2018
Larry Nance Jr,"$2,272,390",2018
Kevin Huerter,"$2,250,960",2018
Monta Ellis,"$2,245,400",2018
Harry Giles,"$2,207,040",2018
Darius Miller,"$2,205,000",2018
Henry Ellenson,"$2,199,311",2018
Derrick Rose,"$2,176,260",2018
Omri Casspi,"$2,176,260",2018
Juan Hernangomez,"$2,166,360",2018
Quincy Pondexter,"$2,165,481",2018
Jonas Jerebko,"$2,165,481",2018
Josh Okogie,"$2,163,600",2018
Nik Stauskas,"$2,161,886",2018
Terrance Ferguson,"$2,118,840",2018
Raul Neto,"$2,100,000",2018
Salah Mejri,"$2,098,196",2018
Grayson Allen,"$2,076,960",2018
Jarrett Allen,"$2,034,120",2018
Isaiah Thomas,"$2,029,463",2018
Spencer Hawes,"$2,007,058",2018
Cole Aldrich,"$2,000,000",2018
Torrey Craig,"$2,000,000",2018
Chandler Hutchison,"$1,991,520",2018
OG Anunoby,"$1,952,760",2018
Ante Zizic,"$1,952,760",2018
Shabazz Napier,"$1,942,422",2018
Aaron Holiday,"$1,914,480",2018
Timothe Luwawu,"$1,880,268",2018
Tyler Lydon,"$1,874,640",2018
Anfernee Simons,"$1,837,800",2018
Tim Frazier,"$1,832,107",2018
Trey Burke,"$1,795,015",2018
Malik Beasley,"$1,773,840",2018
Moritz Wagner,"$1,764,240",2018
Nerlens Noel,"$1,757,429",2018
Ian Clark,"$1,757,429",2018
Deyonta Davis,"$1,741,503",2018
Caleb Swanigan,"$1,740,000",2018
Furkan Korkmaz,"$1,740,000",2018
Landry Shamet,"$1,705,920",2018
Caris LeVert,"$1,702,800",2018
Jonah Bolden,"$1,690,000",2018
Rodions Kurucs,"$1,690,000",2018
Kyle Kuzma,"$1,689,840",2018
Tony Bradley,"$1,679,520",2018
Derrick White,"$1,667,160",2018
Kyle Singler,"$1,665,333",2018
Robert Williams,"$1,656,600",2018
MarShon Brooks,"$1,656,092",2018
Spencer Dinwiddie,"$1,656,092",2018
Josh Hart,"$1,655,160",2018
Jacob Evans,"$1,646,400",2018
Pat Connaughton,"$1,641,000",2018
DeAndre Bembry,"$1,634,640",2018
Dzanan Musa,"$1,634,400",2018
Omari Spellman,"$1,622,520",2018
James Ennis,"$1,621,415",2018
Noah Vonleh,"$1,621,415",2018
Luke Kornet,"$1,619,260",2018
Richaun Holmes,"$1,600,520",2018
TJ McConnell,"$1,600,520",2018
Malachi Richardson,"$1,569,360",2018
Jahlil Okafor,"$1,567,007",2018
Kevon Looney,"$1,567,007",2018
Pascal Siakam,"$1,544,951",2018
Dejounte Murray,"$1,544,951",2018
Skal Labissiere,"$1,544,951",2018
Jake Layman,"$1,544,951",2018
Cheick Diallo,"$1,544,951",2018
Malcolm Brogdon,"$1,544,951",2018
Rodney McGruder,"$1,544,951",2018
Ivica Zubac,"$1,544,951",2018
Wade Baldwin,"$1,544,951",2018
Quinn Cook,"$1,544,951",2018
Damian Jones,"$1,544,951",2018
Dorian Finney-Smith,"$1,544,951",2018
Wayne Selden,"$1,544,951",2018
Georges Niang,"$1,512,601",2018
Christian Wood,"$1,512,601",2018
Derrick Jones,"$1,512,601",2018
Gerald Green,"$1,512,601",2018
David Nwaba,"$1,512,601",2018
Treveon Graham,"$1,512,601",2018
Willy Hernangomez,"$1,496,500",2018
Sviatoslav Mykhailiuk,"$1,487,694",2018
Mitchell Robinson,"$1,485,440",2018
Michael Carter-Williams,"$1,468,082",2018
Jawun Evans,"$1,455,492",2018
Thomas Bryant,"$1,378,242",2018
Royce O'Neale,"$1,378,242",2018
Frank Mason,"$1,378,242",2018
Khem Birch,"$1,378,242",2018
Wesley Iwundu,"$1,378,242",2018
Abdel Nader,"$1,378,242",2018
Damyean Dotson,"$1,378,242",2018
Frank Jackson,"$1,378,242",2018
Sterling Brown,"$1,378,242",2018
Tyler Dorsey,"$1,378,242",2018
Dakari Johnson,"$1,378,242",2018
Ivan Rabb,"$1,378,242",2018
Dillon Brooks,"$1,378,242",2018
Rade Zagorac,"$1,378,242",2018
Sindarius Thornwell,"$1,378,242",2018
Zhou Qi,"$1,378,242",2018
Jordan Bell,"$1,378,242",2018
Maxi Kleber,"$1,378,242",2018
Dwayne Bacon,"$1,378,242",2018
Daniel Theis,"$1,378,242",2018
Semi Ojeleye,"$1,378,242",2018
Tyrone Wallace,"$1,349,383",2018
Ike Anigbogu,"$1,349,383",2018
Alfonzo McKinnie,"$1,349,383",2018
Monte Morris,"$1,349,383",2018
Ryan Arcidiacono,"$1,349,383",2018
Antonio Blakeney,"$1,349,383",2018
Jabari Bird,"$1,349,383",2018
Daniel Hamilton,"$1,349,383",2018
Shaquille Harrison,"$1,325,531",2018
Elie Okobo,"$1,238,464",2018
Jalen Brunson,"$1,230,000",2018
Melvin Frazier,"$1,050,000",2018
Raymond Spalding,"$1,023,210",2018
Justin Hamilton,"$1,000,000",2018
Isaac Bonga,"$1,000,000",2018
Devonte Graham,"$988,464",2018
Chasson Randle,"$975,824",2018
Patrick McCaw,"$964,104",2018
De'Anthony Melton,"$949,000",2018
Jason Thompson,"$893,333",2018
Chimezie Metu,"$838,464",2018
Gary Trent Jr,"$838,464",2018
Isaiah Briscoe,"$838,464",2018
Hamidou Diallo,"$838,464",2018
Kenrich Williams,"$838,464",2018
Keita Bates-Diop,"$838,464",2018
Jevon Carter,"$838,464",2018
Alize Johnson,"$838,464",2018
Isaiah Hartenstein,"$838,464",2018
Khyri Thomas,"$838,464",2018
Bruce Brown,"$838,464",2018
Jarred Vanderbilt,"$838,464",2018
Ryan Broekhoff,"$838,464",2018
Brad Wanamaker,"$838,464",2018
Lorenzo Brown,"$800,000",2018
Davon Reed,"$752,250",2018
Isaiah Canaan,"$744,671",2018
Isaiah Whitehead,"$726,390",2018
Bruno Caboclo,"$705,361",2018
Gary Clark,"$674,122",2018
James Nunnally,"$663,255",2018
Kalin Lucas,"$648,008",2018
John Jenkins,"$585,809",2018
Deonte Burton,"$500,000",2018
Andrew Bogut,"$486,892",2018
Malcolm Miller,"$457,418",2018
Chris Boucher,"$457,418",2018
Edmond Sumner,"$449,794",2018
Yante Maten,"$385,000",2018
Andrew Harrison,"$354,500",2018
Eric Moreland,"$309,859",2018
Nick Young,"$284,020",2018
Okaro White,"$247,827",2018
Danuel House,"$247,827",2018
Jaylen Adams,"$236,854",2018
Ben Moore,"$222,099",2018
Quincy Acy,"$213,948",2018
Tyler Zeller,"$213,948",2018
Jimmer Fredette,"$198,579",2018
Terrence Jones,"$198,579",2018
Dairis Bertans,"$194,220",2018
Walter Lemon Jr,"$176,250",2018
Demetrius Jackson,"$170,107",2018
BJ Johnson,"$142,111",2018
Chris Chiozza,"$137,374",2018
Johnathan Williams,"$127,250",2018
Cam Reynolds,"$108,953",2018
Donatas Motiejunas,"$99,289",2018
Emanuel Terry,"$94,740",2018
Justin Bibbs,"$92,159",2018
Gary Payton II,"$85,457",2018
JaKarr Sampson,"$85,457",2018
Jordan McRae,"$77,250",2018
Devin Robinson,"$77,250",2018
Tyler Cavanaugh,"$77,250",2018
Naz Long,"$77,250",2018
Jordan Loyd,"$77,250",2018
Drew Eubanks,"$77,250",2018
Troy Williams,"$77,250",2018
George King,"$77,250",2018
Haywood Highsmith,"$77,250",2018
Shake Milton,"$77,250",2018
Amile Jefferson,"$77,250",2018
Troy Caupain,"$77,250",2018
Donte Grantham,"$77,250",2018
Tyler Davis,"$77,250",2018
Kadeem Allen,"$77,250",2018
Isaiah Hicks,"$77,250",2018
Trevon Bluiett,"$77,250",2018
CJ Williams,"$77,250",2018
Jared Terrell,"$77,250",2018
Bonzie Colson,"$77,250",2018
Jaylen Morris,"$77,250",2018
Duncan Robinson,"$77,250",2018
Julian Washburn,"$77,250",2018
Jarnell Stokes,"$77,250",2018
DJ Stephens,"$77,250",2018
Yuta Watanabe,"$77,250",2018
Alex Caruso,"$77,250",2018
Johnathan Motley,"$77,250",2018
Angel Delgado,"$77,250",2018
Trevon Duval,"$77,250",2018
Vincent Edwards,"$77,250",2018
Marcus Derrickson,"$77,250",2018
Damion Lee,"$77,250",2018
Zach Lofton,"$77,250",2018
Keenan Evans,"$77,250",2018
Archie Goodwin,"$77,250",2018
DeVaughn Akoon-Purcell,"$77,250",2018
Thomas Welsh,"$77,250",2018
Daryl Macon,"$77,250",2018
Kostas Antetokounmpo,"$77,250",2018
Deng Adel,"$77,250",2018
Jalen Jones,"$77,250",2018
Jaron Blossomgame,"$77,250",2018
Billy Preston,"$77,250",2018
John Holland,"$77,250",2018
Brandon Sampson,"$77,250",2018
Tyler Ulis,"$77,250",2018
Rawle Alkins,"$77,250",2018
Joe Chealey,"$77,250",2018
JP Macura,"$77,250",2018
Alan Williams,"$77,250",2018
Theo Pinson,"$77,250",2018
RJ Hunter,"$77,250",2018
PJ Dozier,"$77,250",2018
Alex Poythress,"$77,250",2018
Scotty Hopson,"$76,236",2018
Charles Cooke,"$76,236",2018
Scott Machado,"$76,236",2018
Andre Ingram,"$76,236",2018
Kobi Simmons,"$76,236",2018
Jonathan Gibson,"$76,236",2018
Wenyen Gabriel,"$75,000",2018
Billy Garrett,"$67,370",2018
Mitch Creek,"$56,845",2018
Brandon Goodwin,"$56,845",2018
Jemerrio Jones,"$52,170",2018
Tarik Phillip,"$47,370",2018
Cody Demps,"$47,370",2018
Richard Solomon,"$47,370",2018
Kendrick Nunn,"$47,370",2018
Dusty Hannahs,"$47,370",2018
Stephan Hicks,"$47,370",2018
Michael Frazier,"$47,370",2018
Tahjere McCall,"$47,370",2018
Mitchell Creek,"$47,370",2018
Isaac Humphries,"$47,370",2018
Jordan Sibert,"$47,370",2018
Stephen Curry,"$40,231,758",2019
Chris Paul,"$38,506,482",2019
Russell Westbrook,"$38,506,482",2019
John Wall,"$38,199,000",2019
James Harden,"$38,199,000",2019
LeBron James,"$37,436,858",2019
Kevin Durant,"$37,199,000",2019
Blake Griffin,"$34,449,964",2019
Kyle Lowry,"$33,296,296",2019
Paul George,"$33,005,556",2019
Tobias Harris,"$32,742,000",2019
Jimmy Butler,"$32,742,000",2019
Kawhi Leonard,"$32,742,000",2019
Klay Thompson,"$32,742,000",2019
Kemba Walker,"$32,742,000",2019
Gordon Hayward,"$32,700,690",2019
Mike Conley,"$32,511,623",2019
Kyrie Irving,"$31,742,000",2019
Khris Middleton,"$30,603,448",2019
Paul Millsap,"$30,350,000",2019
Damian Lillard,"$29,802,321",2019
Kevin Love,"$28,942,830",2019
Al Horford,"$28,000,000",2019
Nikola Vucevic,"$28,000,000",2019
DeMar DeRozan,"$27,739,975",2019
CJ McCollum,"$27,556,959",2019
Joel Embiid,"$27,504,630",2019
Andrew Wiggins,"$27,504,630",2019
Nikola Jokic,"$27,504,630",2019
Devin Booker,"$27,285,000",2019
Karl-Anthony Towns,"$27,285,000",2019
D'Angelo Russell,"$27,285,000",2019
Kristaps Porzingis,"$27,285,000",2019
Otto Porter,"$27,250,576",2019
Anthony Davis,"$27,093,019",2019
Bradley Beal,"$27,093,018",2019
Hassan Whiteside,"$27,093,018",2019
Andre Drummond,"$27,093,018",2019
Jrue Holiday,"$26,131,111",2019
LaMarcus Aldridge,"$26,000,000",2019
Steven Adams,"$25,842,697",2019
Giannis Antetokounmpo,"$25,842,697",2019
Marc Gasol,"$25,595,700",2019
Nicolas Batum,"$25,565,217",2019
Rudy Gobert,"$25,258,427",2019
Harrison Barnes,"$24,147,727",2019
Serge Ibaka,"$23,271,604",2019
Danilo Gallinari,"$22,615,559",2019
Victor Oladipo,"$21,000,000",2019
Tim Hardaway Jr,"$20,025,127",2019
Malcolm Brogdon,"$20,000,000",2019
Terry Rozier,"$19,894,737",2019
Aaron Gordon,"$19,863,636",2019
Zach LaVine,"$19,500,000",2019
Kent Bazemore,"$19,269,663",2019
Goran Dragic,"$19,217,900",2019
Jeff Teague,"$19,000,000",2019
Evan Turner,"$18,606,556",2019
Draymond Green,"$18,539,130",2019
Tristan Thompson,"$18,539,130",2019
Gary Harris,"$18,189,286",2019
Julius Randle,"$18,000,000",2019
Myles Turner,"$18,000,000",2019
Derrick Favors,"$17,650,000",2019
Andre Iguodala,"$17,185,185",2019
Evan Fournier,"$17,150,000",2019
Bojan Bogdanovic,"$17,000,000",2019
Bismack Biyombo,"$17,000,000",2019
Clint Capela,"$16,896,552",2019
Gorgui Dieng,"$16,229,213",2019
Ricky Rubio,"$16,200,000",2019
Jonas Valanciunas,"$16,000,000",2019
Brandon Knight,"$15,643,750",2019
Kelly Oubre,"$15,625,000",2019
Eric Bledsoe,"$15,625,000",2019
Dennis Schroeder,"$15,500,000",2019
Ian Mahinmi,"$15,450,051",2019
James Johnson,"$15,349,400",2019
Bobby Portis,"$15,000,000",2019
Marcus Morris,"$15,000,000",2019
Danny Green,"$14,634,147",2019
Rudy Gay,"$14,500,000",2019
Cody Zeller,"$14,471,910",2019
Eric Gordon,"$14,057,730",2019
Mason Plumlee,"$14,041,096",2019
JJ Redick,"$13,486,300",2019
Jordan Clarkson,"$13,437,500",2019
Dewayne Dedmon,"$13,333,334",2019
Solomon Hill,"$13,290,395",2019
Justise Winslow,"$13,000,000",2019
Thaddeus Young,"$12,900,000",2019
Will Barton,"$12,776,786",2019
Courtney Lee,"$12,759,670",2019
Larry Nance Jr,"$12,727,273",2019
Patrick Mills,"$12,678,571",2019
Kelly Olynyk,"$12,667,885",2019
Marcus Smart,"$12,553,571",2019
Terrence Ross,"$12,500,000",2019
Patrick Beverley,"$12,345,680",2019
Trevor Ariza,"$12,200,000",2019
Brook Lopez,"$12,093,024",2019
Cory Joseph,"$12,000,000",2019
Jusuf Nurkic,"$12,000,000",2019
Joe Ingles,"$11,454,546",2019
Tony Snell,"$11,392,857",2019
Robert Covington,"$11,301,219",2019
Meyers Leonard,"$11,286,515",2019
TJ Warren,"$11,060,000",2019
Moe Harkless,"$11,011,234",2019
Andre Roberson,"$10,740,740",2019
Spencer Dinwiddie,"$10,605,600",2019
Jeremy Lamb,"$10,500,000",2019
Dwight Powell,"$10,259,375",2019
George Hill,"$10,133,907",2019
Norman Powell,"$10,116,576",2019
Josh Richardson,"$10,116,576",2019
Tyus Jones,"$10,116,000",2019
Tomas Satoransky,"$10,000,000",2019
DeAndre Jordan,"$9,881,598",2019
Zion Williamson,"$9,757,440",2019
Markelle Fultz,"$9,745,200",2019
John Henson,"$9,732,396",2019
Matthew Dellavedova,"$9,607,500",2019
Dante Exum,"$9,600,000",2019
Deandre Ayton,"$9,562,920",2019
Delon Wright,"$9,473,684",2019
Fred VanVleet,"$9,346,153",2019
Jerami Grant,"$9,346,153",2019
Al-Farouq Aminu,"$9,258,000",2019
Kyle Anderson,"$9,073,050",2019
Taj Gibson,"$9,000,000",2019
Ja Morant,"$8,730,240",2019
Lonzo Ball,"$8,719,320",2019
E'Twaun Moore,"$8,664,928",2019
Marvin Bagley,"$8,556,120",2019
Bogdan Bogdanovic,"$8,529,386",2019
PJ Tucker,"$8,349,039",2019
Cristiano Felicio,"$8,156,500",2019
Kentavious Caldwell-Pope,"$8,139,282",2019
Ben Simmons,"$8,113,929",2019
Thomas Bryant,"$8,000,000",2019
Wayne Ellington,"$8,000,000",2019
Elfrid Payton,"$8,000,000",2019
Louis Williams,"$8,000,000",2019
Maxi Kleber,"$8,000,000",2019
RJ Barrett,"$7,839,960",2019
Jayson Tatum,"$7,830,000",2019
Jae Crowder,"$7,815,533",2019
Luka Doncic,"$7,683,360",2019
Joe Harris,"$7,666,667",2019
Seth Curry,"$7,461,380",2019
Doug McDermott,"$7,333,333",2019
Langston Galloway,"$7,333,333",2019
Derrick Rose,"$7,317,074",2019
Brandon Ingram,"$7,265,485",2019
DJ Augustin,"$7,250,000",2019
Darius Miller,"$7,250,000",2019
De'Andre Hunter,"$7,068,360",2019
Josh Jackson,"$7,059,480",2019
Davis Bertans,"$7,000,000",2019
Ersan Ilyasova,"$7,000,000",2019
Jaren Jackson,"$6,927,480",2019
Nemanja Bjelica,"$6,825,000",2019
Jaylen Brown,"$6,534,829",2019
Jabari Parker,"$6,500,000",2019
Ivica Zubac,"$6,481,482",2019
Darius Garland,"$6,400,920",2019
De'Aaron Fox,"$6,392,760",2019
Trae Young,"$6,273,000",2019
Ishmael Smith,"$6,000,000",2019
Montrezl Harrell,"$6,000,000",2019
Marco Belinelli,"$5,846,154",2019
Jarrett Culver,"$5,813,640",2019
Jonathan Isaac,"$5,806,440",2019
Rodney Hood,"$5,718,000",2019
Mo Bamba,"$5,697,600",2019
Trey Lyles,"$5,500,000",2019
Aron Baynes,"$5,453,280",2019
Kris Dunn,"$5,348,007",2019
Coby White,"$5,307,120",2019
Lauri Markkanen,"$5,300,400",2019
Wendell Carter,"$5,201,400",2019
Daniel Theis,"$5,000,000",2019
Jaxson Hayes,"$4,862,040",2019
Buddy Hield,"$4,861,207",2019
Frank Ntilikina,"$4,855,800",2019
Rodney McGruder,"$4,807,693",2019
Ed Davis,"$4,767,000",2019
Richaun Holmes,"$4,767,000",2019
Frank Kaminsky,"$4,767,000",2019
Mike Scott,"$4,767,000",2019
Robin Lopez,"$4,767,000",2019
Avery Bradley,"$4,767,000",2019
JaMychal Green,"$4,767,000",2019
Justin Holiday,"$4,767,000",2019
Garrett Temple,"$4,767,000",2019
Enes Kanter,"$4,767,000",2019
Collin Sexton,"$4,764,960",2019
Rui Hachimura,"$4,469,160",2019
Kevon Looney,"$4,464,286",2019
Dennis Smith,"$4,463,640",2019
Jamal Murray,"$4,444,746",2019
Kevin Knox,"$4,380,120",2019
Cam Reddish,"$4,245,720",2019
Zach Collins,"$4,240,200",2019
Mikal Bridges,"$4,161,000",2019
Alex Len,"$4,160,000",2019
Nicolo Melli,"$4,102,564",2019
Cameron Johnson,"$4,033,440",2019
Malik Monk,"$4,028,400",2019
Patrick McCaw,"$4,000,000",2019
Reggie Bullock,"$4,000,000",2019
JaVale McGee,"$4,000,000",2019
Dorian Finney-Smith,"$4,000,000",2019
Shai Gilgeous-Alexander,"$3,952,920",2019
PJ Washington,"$3,831,840",2019
Luke Kennard,"$3,827,160",2019
Miles Bridges,"$3,755,400",2019
Jakob Poeltl,"$3,754,885",2019
Tyler Herro,"$3,640,200",2019
Donovan Mitchell,"$3,635,760",2019
Stanley Johnson,"$3,623,000",2019
Jake Layman,"$3,581,986",2019
Thon Maker,"$3,569,643",2019
Jerome Robinson,"$3,567,720",2019
Danuel House,"$3,540,000",2019
Domantas Sabonis,"$3,529,554",2019
DeMarcus Cousins,"$3,500,000",2019
TJ McConnell,"$3,500,000",2019
Boban Marjanovic,"$3,500,000",2019
Dario Saric,"$3,481,985",2019
Taurean Prince,"$3,481,985",2019
Romeo Langford,"$3,458,400",2019
Bam Adebayo,"$3,454,080",2019
Michael Porter,"$3,389,400",2019
Denzel Valentine,"$3,377,568",2019
Juan Hernangomez,"$3,321,029",2019
Sekou Doumbouya,"$3,285,120",2019
Justin Jackson,"$3,280,920",2019
Troy Brown,"$3,219,480",2019
Yogi Ferrell,"$3,150,000",2019
Zhaire Smith,"$3,058,800",2019
Khem Birch,"$3,000,000",2019
Quinn Cook,"$3,000,000",2019
Ryan Arcidiacono,"$3,000,000",2019
Nickeil Alexander-Walker,"$2,964,840",2019
DJ Wilson,"$2,961,120",2019
Cedi Osman,"$2,907,143",2019
Donte DiVincenzo,"$2,905,800",2019
Bryn Forbes,"$2,875,000",2019
Goga Bitadze,"$2,816,760",2019
TJ Leaf,"$2,813,280",2019
Lonnie Walker,"$2,764,200",2019
Alex Caruso,"$2,750,000",2019
Malik Beasley,"$2,731,713",2019
Luka Samanic,"$2,689,920",2019
John Collins,"$2,686,560",2019
Kevin Huerter,"$2,636,280",2019
Caris LeVert,"$2,625,717",2019
Marko Guduric,"$2,625,000",2019
DeAndre Bembry,"$2,603,981",2019
Matisse Thybulle,"$2,582,160",2019
Harry Giles,"$2,578,800",2019
Wesley Matthews,"$2,564,753",2019
Kyle Korver,"$2,564,753",2019
Udonis Haslem,"$2,564,753",2019
Jared Dudley,"$2,564,753",2019
Rajon Rondo,"$2,564,753",2019
Dwight Howard,"$2,564,753",2019
Tyson Chandler,"$2,564,753",2019
Thabo Sefolosha,"$2,564,753",2019
Jose Juan Barea,"$2,564,753",2019
Wilson Chandler,"$2,564,753",2019
Vince Carter,"$2,564,753",2019
Josh Okogie,"$2,530,680",2019
Vincent Poirier,"$2,505,793",2019
Rondae Hollis-Jefferson,"$2,500,000",2019
Brandon Clarke,"$2,478,840",2019
Terrance Ferguson,"$2,475,840",2019
Grayson Allen,"$2,429,400",2019
Alfonzo McKinnie,"$2,391,985",2019
Grant Williams,"$2,379,840",2019
Jarrett Allen,"$2,376,840",2019
Pascal Siakam,"$2,351,838",2019
Skal Labissiere,"$2,338,846",2019
Chandler Hutchison,"$2,332,320",2019
Patrick Patterson,"$2,331,593",2019
Dejounte Murray,"$2,321,735",2019
Alec Burks,"$2,320,044",2019
Damian Jones,"$2,305,057",2019
Darius Bazley,"$2,284,800",2019
OG Anunoby,"$2,281,800",2019
Ante Zizic,"$2,281,800",2019
Markieff Morris,"$2,259,887",2019
Luke Kornet,"$2,250,000",2019
Aaron Holiday,"$2,239,200",2019
Ty Jerome,"$2,193,480",2019
Willie Cauley-Stein,"$2,177,483",2019
Kyle O'Quinn,"$2,174,318",2019
Austin Rivers,"$2,174,310",2019
Carmelo Anthony,"$2,159,029",2019
Anfernee Simons,"$2,149,560",2019
Nassir Little,"$2,105,520",2019
Moritz Wagner,"$2,063,520",2019
Dylan Windler,"$2,035,800",2019
Caleb Swanigan,"$2,033,160",2019
Michael Carter-Williams,"$2,028,594",2019
Mike Muscala,"$2,028,594",2019
Ben McLemore,"$2,028,594",2019
Edmond Sumner,"$2,000,000",2019
Torrey Craig,"$2,000,000",2019
Noah Vonleh,"$2,000,000",2019
Landry Shamet,"$1,995,120",2019
Mfiondu Kabengele,"$1,977,000",2019
Kyle Kuzma,"$1,974,600",2019
Jordan Poole,"$1,964,760",2019
Tony Bradley,"$1,962,360",2019
Keldon Johnson,"$1,950,600",2019
Derrick White,"$1,948,080",2019
Robert Williams,"$1,937,520",2019
Josh Hart,"$1,934,160",2019
Jacob Evans,"$1,925,880",2019
Dzanan Musa,"$1,911,600",2019
Omari Spellman,"$1,897,800",2019
Glenn Robinson III,"$1,882,867",2019
James Ennis,"$1,882,867",2019
Nerlens Noel,"$1,882,867",2019
Shabazz Napier,"$1,845,301",2019
Bruno Caboclo,"$1,845,301",2019
Emmanuel Mudiay,"$1,737,145",2019
Mario Hezonja,"$1,737,145",2019
Raul Neto,"$1,737,145",2019
JaKarr Sampson,"$1,737,145",2019
Pat Connaughton,"$1,723,050",2019
Jahlil Okafor,"$1,702,486",2019
Rodions Kurucs,"$1,699,236",2019
Cheick Diallo,"$1,678,854",2019
Willy Hernangomez,"$1,676,735",2019
Georges Niang,"$1,645,357",2019
Derrick Jones,"$1,645,357",2019
Christian Wood,"$1,645,357",2019
Treveon Graham,"$1,645,357",2019
Furkan Korkmaz,"$1,620,564",2019
Shaquille Harrison,"$1,620,564",2019
Royce O'Neale,"$1,618,520",2019
Wesley Iwundu,"$1,618,520",2019
Abdel Nader,"$1,618,520",2019
Damyean Dotson,"$1,618,520",2019
Frank Jackson,"$1,618,520",2019
Sterling Brown,"$1,618,520",2019
Dillon Brooks,"$1,618,520",2019
Dwayne Bacon,"$1,618,520",2019
Semi Ojeleye,"$1,618,520",2019
Chris Boucher,"$1,588,231",2019
Malcolm Miller,"$1,588,231",2019
Monte Morris,"$1,588,231",2019
Mitchell Robinson,"$1,559,712",2019
Nigel Williams-Goss,"$1,500,000",2019
Isaiah Roby,"$1,500,000",2019
Wenyen Gabriel,"$1,445,697",2019
Shake Milton,"$1,445,697",2019
Theo Pinson,"$1,445,697",2019
Thanasis Antetokounmpo,"$1,445,697",2019
Brad Wanamaker,"$1,445,697",2019
Isaac Bonga,"$1,416,852",2019
Chimezie Metu,"$1,416,852",2019
Gary Trent Jr,"$1,416,852",2019
Elie Okobo,"$1,416,852",2019
Jevon Carter,"$1,416,852",2019
Ryan Broekhoff,"$1,416,852",2019
Melvin Frazier,"$1,416,852",2019
Deonte Burton,"$1,416,852",2019
Hamidou Diallo,"$1,416,852",2019
Kenrich Williams,"$1,416,852",2019
Jarred Vanderbilt,"$1,416,852",2019
Duncan Robinson,"$1,416,852",2019
Kendrick Nunn,"$1,416,852",2019
De'Anthony Melton,"$1,416,852",2019
Alize Johnson,"$1,416,852",2019
Bruce Brown,"$1,416,852",2019
Khyri Thomas,"$1,416,852",2019
Sviatoslav Mykhailiuk,"$1,416,852",2019
Keita Bates-Diop,"$1,416,852",2019
Jalen Brunson,"$1,416,852",2019
Devonte Graham,"$1,416,852",2019
Jaylen Nowell,"$1,400,000",2019
Bruno Fernando,"$1,400,000",2019
Kevin Porter,"$1,290,960",2019
Jordan McRae,"$1,254,933",2019
Carsen Edwards,"$1,228,026",2019
Cody Martin,"$1,173,310",2019
Gary Payton II,"$1,052,909",2019
Admiral Schofield,"$1,000,000",2019
Terance Mann,"$1,000,000",2019
David Nwaba,"$903,111",2019
Miye Oni,"$898,310",2019
Dewan Hernandez,"$898,310",2019
Terence Davis,"$898,310",2019
Matt Thomas,"$898,310",2019
Justin James,"$898,310",2019
DaQuan Jeffries,"$898,310",2019
Jalen Lecque,"$898,310",2019
Ignas Brazdeikis,"$898,310",2019
Naz Reid,"$898,310",2019
KZ Okpala,"$898,310",2019
Talen Horton-Tucker,"$898,310",2019
Eric Paschall,"$898,310",2019
Alen Smailagic,"$898,310",2019
Vlatko Cancar,"$898,310",2019
Daniel Gafford,"$898,310",2019
Caleb Martin,"$898,310",2019
Jalen McDaniels,"$898,310",2019
Nicolas Claxton,"$898,310",2019
Javonte Green,"$898,310",2019
Damion Lee,"$842,327",2019
Jeff Green,"$840,427",2019
Timothe Luwawu,"$837,583",2019
Juwan Morgan,"$746,054",2019
Gary Clark,"$718,765",2019
Marvin Williams,"$604,278",2019
Michael Kidd-Gilchrist,"$595,122",2019
Rayjon Tucker,"$578,573",2019
Chris Clemons,"$563,346",2019
Brandon Goodwin,"$522,738",2019
Reggie Jackson,"$512,721",2019
DeMarre Carroll,"$512,721",2019
Justin Patton,"$483,115",2019
Anzejs Pasecniks,"$482,144",2019
Chris Silva,"$466,918",2019
Troy Daniels,"$458,439",2019
Anthony Tolliver,"$434,704",2019
Joakim Noah,"$381,360",2019
Dion Waiters,"$375,385",2019
Dean Wade,"$375,000",2019
Norvel Pelle,"$350,189",2019
Juan Toscano-Anderson,"$350,189",2019
Ky Bowman,"$350,189",2019
Jamal Crawford,"$289,803",2019
Jordan Bell,"$250,000",2019
Tyler Zeller,"$245,686",2019
Trey Burke,"$229,220",2019
Jontay Porter,"$197,933",2019
Jerian Grant,"$196,288",2019
Cameron Payne,"$196,288",2019
Dragan Bender,"$189,700",2019
Mychal Mulder,"$187,782",2019
Corey Brewer,"$183,115",2019
Sindarius Thornwell,"$183,115",2019
PJ Dozier,"$183,115",2019
Tyler Johnson,"$183,115",2019
Jaylen Adams,"$163,356",2019
Joe Chealey,"$163,356",2019
Johnathan Williams,"$161,245",2019
Luguentz Dort,"$155,647",2019
Oshae Brissett,"$129,568",2019
JP Macura,"$106,181",2019
Donta Hall,"$101,504",2019
Chasson Randle,"$91,557",2019
Sheldon Mac,"$91,557",2019
Jonah Bolden,"$89,846",2019
Derrick Walton,"$81,678",2019
Garrison Mathews,"$79,568",2019
Justin Wright-Foreman,"$79,568",2019
Jarrell Brantley,"$79,568",2019
Paul Watson,"$79,568",2019
Quinndary Weatherspoon,"$79,568",2019
Drew Eubanks,"$79,568",2019
Kyle Guy,"$79,568",2019
Jaylen Hoard,"$79,568",2019
Moses Brown,"$79,568",2019
Tariq Owens,"$79,568",2019
Marial Shayok,"$79,568",2019
BJ Johnson,"$79,568",2019
Vic Law,"$79,568",2019
Kevin Hervey,"$79,568",2019
Jared Harper,"$79,568",2019
Kenny Wooten,"$79,568",2019
Josh Gray,"$79,568",2019
Zylan Cheatham,"$79,568",2019
Jordan McLaughlin,"$79,568",2019
Kelan Martin,"$79,568",2019
Frank Mason,"$79,568",2019
Cam Reynolds,"$79,568",2019
Gabe Vincent,"$79,568",2019
Kyle Alexander,"$79,568",2019
Yuta Watanabe,"$79,568",2019
John Konchar,"$79,568",2019
Kostas Antetokounmpo,"$79,568",2019
Devontae Cacok,"$79,568",2019
Amir Coffey,"$79,568",2019
Johnathan Motley,"$79,568",2019
Brian Bowen,"$79,568",2019
Naz Long,"$79,568",2019
William Howard,"$79,568",2019
Michael Frazier,"$79,568",2019
Louis King,"$79,568",2019
Jordan Bone,"$79,568",2019
Tyler Cook,"$79,568",2019
Bol Bol,"$79,568",2019
Antonius Cleveland,"$79,568",2019
Josh Reaves,"$79,568",2019
Matt Mooney,"$79,568",2019
Adam Mokoka,"$79,568",2019
Max Strus,"$79,568",2019
Kobi Simmons,"$79,568",2019
Raymond Spalding,"$79,568",2019
Chris Chiozza,"$79,568",2019
Jeremiah Martin,"$79,568",2019
Tremont Waters,"$79,568",2019
Tacko Fall,"$79,568",2019
Charlie Brown,"$79,568",2019
Malik Newman,"$65,978",2019
